{"02.mp4":[{"start_frame":"30","action_type":"swipe","down_coordinate":[53.243243243243754,11.83333333333341],"up_coordinate":[53.243243243243754,66.99999999999997],"type_word":null,"end_frame":"103"},{"start_frame":"181","action_type":"click","down_coordinate":[89.63963963963967,72.25000000000003],"up_coordinate":[89.63963963963967,72.25000000000003],"type_word":null,"end_frame":"193"},{"start_frame":"356","action_type":"click","down_coordinate":[88.19819819819821,93.08333333333346],"up_coordinate":[88.19819819819821,93.08333333333346],"type_word":null,"end_frame":"367"},{"start_frame":"423","action_type":"click","down_coordinate":[88.19819819819821,93.08333333333346],"up_coordinate":[88.19819819819821,93.08333333333346],"type_word":null,"end_frame":"436"}],"01.mp4":[{"start_frame":"40","action_type":"click","down_coordinate":[50.9009009009009,33.5],"up_coordinate":[50.9009009009009,33.5],"type_word":null,"end_frame":"56"},{"start_frame":"139","action_type":"click","down_coordinate":[37.027027027027,92.58333333333324],"up_coordinate":[37.027027027027,92.58333333333324],"type_word":null,"end_frame":"151"},{"start_frame":"213","action_type":"click","down_coordinate":[16.84684684684685,93.08333333333326],"up_coordinate":[16.84684684684685,93.08333333333326],"type_word":null,"end_frame":"220"},{"start_frame":"220","action_type":"type","down_coordinate":[49.97747747747758,84.24999999999994],"up_coordinate":[49.97747747747758,84.24999999999994],"type_word":"abcdefg","end_frame":"480"},{"start_frame":"389","action_type":"click","down_coordinate":[94.68468468468468,57],"up_coordinate":[94.68468468468468,57],"type_word":null,"end_frame":"401"}]}