[{"id":1,"annotations":[{"id":1,"completed_by":1,"result":[{"value":{"framesCount":472,"duration":18.877823,"sequence":[{"x":46.93693693693731,"y":11.83333333333341,"width":12.612612612612898,"height":55.166666666666565,"rotation":0,"frame":30,"enabled":true,"time":1.2},{"x":46.93693693693731,"y":11.83333333333341,"width":12.612612612612898,"height":55.166666666666565,"rotation":0,"frame":103,"enabled":false,"time":4.12}],"labels":["swipe"]},"id":"wj9RZuS4IH","from_name":"box","to_name":"video","type":"videorectangle","origin":"manual"},{"value":{"framesCount":472,"duration":18.877823,"sequence":[{"frame":181,"enabled":true,"rotation":0,"x":81.89189189189192,"y":68.6666666666667,"width":15.495495495495499,"height":7.166666666666662,"time":7.24},{"x":81.89189189189192,"y":68.6666666666667,"width":15.495495495495499,"height":7.166666666666662,"rotation":0,"enabled":false,"frame":193,"time":7.72},{"x":80.45045045045046,"y":89.50000000000013,"width":15.495495495495499,"height":7.166666666666662,"rotation":0,"enabled":true,"frame":356,"time":14.24},{"x":80.45045045045046,"y":89.50000000000013,"width":15.495495495495499,"height":7.166666666666662,"rotation":0,"enabled":false,"frame":367,"time":14.68},{"x":80.45045045045046,"y":89.50000000000013,"width":15.495495495495499,"height":7.166666666666662,"rotation":0,"enabled":true,"frame":423,"time":16.92},{"x":80.45045045045046,"y":89.50000000000013,"width":15.495495495495499,"height":7.166666666666662,"rotation":0,"enabled":false,"frame":436,"time":17.44}],"labels":["click"]},"id":"IZmCdjMsPd","from_name":"box","to_name":"video","type":"videorectangle","origin":"manual"}],"was_cancelled":false,"ground_truth":false,"created_at":"2024-02-26T06:20:35.157901Z","updated_at":"2024-02-26T06:20:35.157942Z","draft_created_at":"2024-02-26T06:10:53.597095Z","lead_time":664.042,"prediction":{},"result_count":0,"unique_id":"519fd402-2ce2-4dd8-a19f-15c86916542b","import_id":null,"last_action":null,"task":1,"project":2,"updated_by":1,"parent_prediction":null,"parent_annotation":null,"last_created_by":null}],"file_upload":"cd43b768-02.mp4","drafts":[],"predictions":[],"data":{"video":"\/data\/upload\/2\/cd43b768-02.mp4"},"meta":{},"created_at":"2024-02-26T06:08:17.715047Z","updated_at":"2024-02-26T06:20:35.203328Z","inner_id":1,"total_annotations":1,"cancelled_annotations":0,"total_predictions":0,"comment_count":0,"unresolved_comment_count":0,"last_comment_updated_at":null,"project":2,"updated_by":1,"comment_authors":[]},{"id":2,"annotations":[{"id":2,"completed_by":1,"result":[{"value":{"framesCount":480,"duration":19.202903,"sequence":[{"frame":40,"enabled":true,"rotation":0,"x":39.729729729729726,"y":30.500000000000004,"width":22.34234234234235,"height":5.9999999999999964,"time":1.6},{"x":39.729729729729726,"y":30.500000000000004,"width":22.34234234234235,"height":5.9999999999999964,"rotation":0,"enabled":false,"frame":56,"time":2.24},{"x":30.720720720720763,"y":90.16666666666657,"width":12.61261261261248,"height":4.833333333333346,"rotation":0,"enabled":true,"frame":139,"time":5.56},{"x":30.720720720720763,"y":90.16666666666657,"width":12.61261261261248,"height":4.833333333333346,"rotation":0,"enabled":false,"frame":151,"time":6.04},{"x":11.981981981982052,"y":90.66666666666659,"width":9.729729729729602,"height":4.833333333333344,"rotation":0,"enabled":true,"frame":213,"time":8.52},{"x":11.981981981982052,"y":90.66666666666659,"width":9.729729729729602,"height":4.833333333333344,"rotation":0,"enabled":false,"frame":220,"time":8.8}],"labels":["click"]},"id":"JdboRVYFAf","from_name":"box","to_name":"video","type":"videorectangle","origin":"manual"},{"value":{"framesCount":480,"duration":19.202903,"sequence":[{"frame":220,"enabled":true,"rotation":0,"x":0.06756756756772422,"y":71.1666666666666,"width":99.81981981981971,"height":26.1666666666667,"time":8.8},{"x":0.06756756756772422,"y":71.1666666666666,"width":99.81981981981971,"height":26.1666666666667,"rotation":0,"enabled":false,"frame":480,"time":19.2}],"labels":["type"]},"id":"TNgLvYrdp0","from_name":"box","to_name":"video","type":"videorectangle","origin":"manual"},{"value":{"framesCount":480,"duration":19.202903,"sequence":[{"frame":389,"enabled":true,"rotation":0,"x":90.90090090090091,"y":54.666666666666664,"width":7.5675675675675595,"height":4.666666666666674,"time":15.56},{"x":90.90090090090091,"y":54.666666666666664,"width":7.5675675675675595,"height":4.666666666666674,"rotation":0,"enabled":false,"frame":401,"time":16.04}],"labels":["click"]},"id":"UmbWjkNZCm","from_name":"box","to_name":"video","type":"videorectangle","origin":"manual"}],"was_cancelled":false,"ground_truth":false,"created_at":"2024-02-26T06:27:47.558211Z","updated_at":"2024-02-26T06:27:47.558248Z","draft_created_at":"2024-02-26T06:21:29.875491Z","lead_time":396.752,"prediction":{},"result_count":0,"unique_id":"39247235-24a5-4323-b433-7eb04a223faa","import_id":null,"last_action":null,"task":2,"project":2,"updated_by":1,"parent_prediction":null,"parent_annotation":null,"last_created_by":null}],"file_upload":"b0c95de7-01.mp4","drafts":[],"predictions":[],"data":{"video":"\/data\/upload\/2\/b0c95de7-01.mp4"},"meta":{},"created_at":"2024-02-26T06:08:17.715168Z","updated_at":"2024-02-26T06:27:47.599815Z","inner_id":2,"total_annotations":1,"cancelled_annotations":0,"total_predictions":0,"comment_count":0,"unresolved_comment_count":0,"last_comment_updated_at":null,"project":2,"updated_by":1,"comment_authors":[]}]